time,position_x,position_y,position_z,speed_ms,speed_kmh,forward_speed,sideways_speed,acceleration_ms2,yaw,yaw_rate,raw_steer_x,raw_throttle_y,raw_brake_z,steer_input,handlebar_angle,steer_rate,throttle,brake,is_grounded,harsh_brake,harsh_steer,high_side_slip,high_yaw_rate,risk_score
0.1553,185.2042,0.1052,102.8923,0.0000,0.0000,0.0000,0.0000,0.0000,270.0000,0.0000,0.0000,0.0000,0.0000,0.0000,0.0000,0.0000,0.0000,0.0000,1,0,0,0,0,0.0000
0.2288,185.2042,0.0864,102.8923,0.0001,0.0002,0.0000,0.0001,0.0008,270.0012,0.0158,0.0000,0.0000,0.0000,0.0000,0.0000,0.0000,0.0000,0.0000,1,0,0,0,0,0.0009
0.4456,185.2042,0.0864,102.8923,0.0000,0.0000,0.0000,0.0000,-0.0003,270.0021,0.0045,0.0000,0.0000,0.0000,0.0000,0.0000,0.0000,0.0000,0.0000,1,0,0,0,0,0.0003
0.5346,185.2042,0.0864,102.8923,0.0000,0.0000,0.0000,0.0000,0.0000,270.0021,0.0000,0.0000,0.0000,0.0000,0.0000,0.0000,0.0000,0.0000,0.0000,1,0,0,0,0,0.0000
0.6312,185.2042,0.0864,102.8923,0.0000,0.0000,0.0000,0.0000,0.0000,270.0021,0.0000,0.0000,0.0000,0.0000,0.0000,0.0000,0.0000,0.0000,0.0000,1,0,0,0,0,0.0000
0.6859,185.2042,0.0864,102.8923,0.0000,0.0000,0.0000,0.0000,0.0000,270.0021,0.0000,0.0000,0.0000,0.0000,0.0000,0.0000,0.0000,0.0000,0.0000,1,0,0,0,0,0.0000
0.7432,185.2042,0.0864,102.8923,0.0000,0.0000,0.0000,0.0000,0.0000,270.0021,0.0000,0.0000,0.0000,0.0000,0.0000,0.0000,0.0000,0.0000,0.0000,1,0,0,0,0,0.0000
0.7979,185.2042,0.0864,102.8923,0.0000,0.0000,0.0000,0.0000,0.0000,270.0021,0.0000,0.0000,0.0000,0.0000,0.0000,0.0000,0.0000,0.0000,0.0000,1,0,0,0,0,0.0000
0.8527,185.2042,0.0864,102.8923,0.0000,0.0000,0.0000,0.0000,0.0000,270.0021,0.0000,0.0000,0.0000,0.0000,0.0000,0.0000,0.0000,0.0000,0.0000,1,0,0,0,0,0.0000
0.9083,185.2042,0.0864,102.8923,0.0000,0.0000,0.0000,0.0000,0.0000,270.0021,0.0000,0.0000,0.0000,0.0000,0.0000,0.0000,0.0000,0.0000,0.0000,1,0,0,0,0,0.0000
0.9797,185.2042,0.0864,102.8923,0.0000,0.0000,0.0000,0.0000,0.0000,270.0021,0.0000,0.0000,0.0000,0.0000,0.0000,0.0000,0.0000,0.0000,0.0000,1,0,0,0,0,0.0000
1.0341,185.2042,0.0864,102.8923,0.0000,0.0000,0.0000,0.0000,0.0000,270.0021,0.0000,0.0000,0.0000,0.0000,0.0000,0.0000,0.0000,0.0000,0.0000,1,0,0,0,0,0.0000
1.0893,185.2042,0.0864,102.8923,0.0000,0.0000,0.0000,0.0000,0.0000,270.0021,0.0000,0.0000,0.0000,0.0000,0.0000,0.0000,0.0000,0.0000,0.0000,1,0,0,0,0,0.0000
1.1664,185.2042,0.0864,102.8923,0.0000,0.0000,0.0000,0.0000,0.0000,270.0021,0.0000,0.0000,0.0000,0.0000,0.0000,0.0000,0.0000,0.0000,0.0000,1,0,0,0,0,0.0000
1.2286,185.2042,0.0864,102.8923,0.0000,0.0000,0.0000,0.0000,0.0000,270.0021,0.0000,0.0000,0.0000,0.0000,0.0000,0.0000,0.0000,0.0000,0.0000,1,0,0,0,0,0.0000
1.2836,185.2042,0.0864,102.8923,0.0000,0.0000,0.0000,0.0000,0.0000,270.0021,0.0000,0.0000,0.0000,0.0000,0.0000,0.0000,0.0000,0.0000,0.0000,1,0,0,0,0,0.0000
1.3392,185.2042,0.0864,102.8923,0.0000,0.0000,0.0000,0.0000,0.0000,270.0021,0.0000,0.0000,0.0000,0.0000,0.0000,0.0000,0.0000,0.0000,0.0000,1,0,0,0,0,0.0000
1.3975,185.2042,0.0864,102.8923,0.0000,0.0000,0.0000,0.0000,0.0000,270.0021,0.0000,0.0000,0.0000,0.0000,0.0000,0.0000,0.0000,0.0000,0.0000,1,0,0,0,0,0.0000
1.4501,185.2042,0.0864,102.8923,0.0000,0.0000,0.0000,0.0000,0.0000,270.0021,0.0000,0.0000,0.0000,0.0000,0.0000,0.0000,0.0000,0.0000,0.0000,1,0,0,0,0,0.0000
1.5069,185.2042,0.0864,102.8923,0.0000,0.0000,0.0000,0.0000,0.0000,270.0021,0.0000,0.0000,0.0000,0.0000,0.0000,0.0000,0.0000,0.0000,0.0000,1,0,0,0,0,0.0000
1.5617,185.2042,0.0864,102.8923,0.0000,0.0000,0.0000,0.0000,0.0000,270.0021,0.0000,0.0000,0.0000,0.0000,0.0000,0.0000,0.0000,0.0000,0.0000,1,0,0,0,0,0.0000
1.6169,185.2042,0.0864,102.8923,0.0000,0.0000,0.0000,0.0000,0.0000,270.0021,0.0000,0.0000,0.0000,0.0000,0.0000,0.0000,0.0000,0.0000,0.0000,1,0,0,0,0,0.0000
1.6727,185.2042,0.0864,102.8923,0.0000,0.0000,0.0000,0.0000,0.0000,270.0021,0.0000,0.0000,0.0000,0.0000,0.0000,0.0000,0.0000,0.0000,0.0000,1,0,0,0,0,0.0000
1.7277,185.2042,0.0864,102.8923,0.0000,0.0000,0.0000,0.0000,0.0000,270.0021,0.0000,0.0000,0.0000,0.0000,0.0000,0.0000,0.0000,0.0000,0.0000,1,0,0,0,0,0.0000
1.7831,185.2042,0.0864,102.8923,0.0000,0.0000,0.0000,0.0000,0.0000,270.0021,0.0000,0.0000,0.0000,0.0000,0.0000,0.0000,0.0000,0.0000,0.0000,1,0,0,0,0,0.0000
1.8388,185.2042,0.0864,102.8923,0.0000,0.0000,0.0000,0.0000,0.0000,270.0021,0.0000,0.0000,0.0000,0.0000,0.0000,0.0000,0.0000,0.0000,0.0000,1,0,0,0,0,0.0000
1.8950,185.2042,0.0864,102.8923,0.0000,0.0000,0.0000,0.0000,0.0000,270.0021,0.0000,0.0000,0.0000,0.0000,0.0000,0.0000,0.0000,0.0000,0.0000,1,0,0,0,0,0.0000
1.9518,185.2042,0.0864,102.8923,0.0000,0.0000,0.0000,0.0000,0.0000,270.0021,0.0000,0.0000,0.0000,0.0000,0.0000,0.0000,0.0000,0.0000,0.0000,1,0,0,0,0,0.0000
2.0220,185.2042,0.0864,102.8923,0.0000,0.0000,0.0000,0.0000,0.0000,270.0021,0.0000,0.0000,0.0000,0.0000,0.0000,0.0000,0.0000,0.0000,0.0000,1,0,0,0,0,0.0000
2.0750,185.2042,0.0864,102.8923,0.0000,0.0000,0.0000,0.0000,0.0000,270.0021,0.0000,0.0000,0.0000,0.0000,0.0000,0.0000,0.0000,0.0000,0.0000,1,0,0,0,0,0.0000
2.1308,185.2042,0.0864,102.8923,0.0000,0.0000,0.0000,0.0000,0.0000,270.0021,0.0000,0.0000,0.0000,0.0000,0.0000,0.0000,0.0000,0.0000,0.0000,1,0,0,0,0,0.0000
2.2005,185.2042,0.0864,102.8923,0.0000,0.0000,0.0000,0.0000,0.0000,270.0021,0.0000,0.0000,0.0000,0.0000,0.0000,0.0000,0.0000,0.0000,0.0000,1,0,0,0,0,0.0000
2.2562,185.2042,0.0864,102.8923,0.0000,0.0000,0.0000,0.0000,0.0000,270.0021,0.0000,0.0000,0.0000,0.0000,0.0000,0.0000,0.0000,0.0000,0.0000,1,0,0,0,0,0.0000
2.3126,185.2042,0.0864,102.8923,0.0000,0.0000,0.0000,0.0000,0.0000,270.0021,0.0000,0.0000,0.0000,0.0000,0.0000,0.0000,0.0000,0.0000,0.0000,1,0,0,0,0,0.0000
2.3682,185.2042,0.0864,102.8923,0.0000,0.0000,0.0000,0.0000,0.0000,270.0021,0.0000,0.0000,0.0000,0.0000,0.0000,0.0000,0.0000,0.0000,0.0000,1,0,0,0,0,0.0000
2.4360,185.2042,0.0864,102.8923,0.0000,0.0000,0.0000,0.0000,0.0000,270.0021,0.0000,0.0000,0.0000,0.0000,0.0000,0.0000,0.0000,0.0000,0.0000,1,0,0,0,0,0.0000
2.5053,185.2042,0.0864,102.8923,0.0000,0.0000,0.0000,0.0000,0.0000,270.0021,0.0000,0.0000,0.0000,0.0000,0.0000,0.0000,0.0000,0.0000,0.0000,1,0,0,0,0,0.0000
2.7500,185.2042,0.0864,102.8923,0.0000,0.0000,0.0000,0.0000,0.0000,270.0021,0.0000,0.0000,0.0000,0.0000,0.0000,0.0000,0.0000,0.0000,0.0000,1,0,0,0,0,0.0000
2.9151,185.2042,0.0864,102.8923,0.0000,0.0000,0.0000,0.0000,0.0000,270.0021,0.0000,0.0000,0.0000,0.0000,0.0000,0.0000,0.0000,0.0000,0.0000,1,0,0,0,0,0.0000
2.9659,185.2042,0.0864,102.8923,0.0000,0.0000,0.0000,0.0000,0.0000,270.0021,0.0000,0.0000,0.0000,0.0000,0.0000,0.0000,0.0000,0.0000,0.0000,1,0,0,0,0,0.0000
3.0202,185.2042,0.0864,102.8923,0.0000,0.0000,0.0000,0.0000,0.0000,270.0021,0.0000,0.0000,0.0000,0.0000,0.0000,0.0000,0.0000,0.0000,0.0000,1,0,0,0,0,0.0000
3.0920,185.2042,0.0864,102.8923,0.0000,0.0000,0.0000,0.0000,0.0000,270.0021,0.0000,0.0000,0.0000,0.0000,0.0000,0.0000,0.0000,0.0000,0.0000,1,0,0,0,0,0.0000
3.1449,185.2042,0.0864,102.8923,0.0000,0.0000,0.0000,0.0000,0.0000,270.0021,0.0000,0.0000,0.0000,0.0000,0.0000,0.0000,0.0000,0.0000,0.0000,1,0,0,0,0,0.0000
3.1995,185.2042,0.0864,102.8923,0.0000,0.0000,0.0000,0.0000,0.0000,270.0021,0.0000,0.0000,0.0000,0.0000,0.0000,0.0000,0.0000,0.0000,0.0000,1,0,0,0,0,0.0000
3.5467,185.2042,0.0864,102.8923,0.0000,0.0000,0.0000,0.0000,0.0000,270.0021,0.0000,0.0000,0.0000,0.0000,0.0000,0.0000,0.0000,0.0000,0.0000,1,0,0,0,0,0.0000
